id,sector,sentimiento,score_sentimiento,n_palabras,fecha,fuente,ciudad
1,Comercio,NEU,-0.794,14,2026-01-01 00:00:00,gob.mx,Monterrey
2,Salud,NEG,-0.745,51,2026-01-01 04:00:00,Reddit,Guadalajara
3,Financiero,NEG,-0.337,70,2026-01-01 08:00:00,gob.mx,Monterrey
4,Financiero,POS,0.478,31,2026-01-01 12:00:00,gob.mx,Puebla
5,Telecomunicaciones,NEU,-0.36,30,2026-01-01 16:00:00,gob.mx,CDMX
6,Telecomunicaciones,NEG,-0.97,79,2026-01-01 20:00:00,PROFECO,Puebla
7,Telecomunicaciones,NEG,-0.523,10,2026-01-02 00:00:00,Reddit,Monterrey
8,Energía,NEU,-0.978,14,2026-01-02 04:00:00,gob.mx,Zacatecas
9,Financiero,NEG,-0.816,21,2026-01-02 08:00:00,Reddit,CDMX
10,Financiero,NEG,-0.904,55,2026-01-02 12:00:00,Reddit,CDMX
11,Telecomunicaciones,NEG,-0.938,43,2026-01-02 16:00:00,PROFECO,Guadalajara
12,Salud,NEU,0.9,58,2026-01-02 20:00:00,gob.mx,Guadalajara
13,Transporte,NEU,0.901,54,2026-01-03 00:00:00,gob.mx,Zacatecas
14,Telecomunicaciones,NEG,-0.443,36,2026-01-03 04:00:00,Reddit,CDMX
15,Telecomunicaciones,NEU,0.264,35,2026-01-03 08:00:00,YouTube,Zacatecas
16,Telecomunicaciones,NEG,-0.728,56,2026-01-03 12:00:00,PROFECO,Guadalajara
17,Comercio,NEG,-0.42,65,2026-01-03 16:00:00,PROFECO,Guadalajara
18,Comercio,NEU,-0.343,72,2026-01-03 20:00:00,PROFECO,CDMX
19,Comercio,NEU,0.345,57,2026-01-04 00:00:00,PROFECO,Puebla
20,Telecomunicaciones,NEU,0.505,70,2026-01-04 04:00:00,gob.mx,Monterrey
21,Financiero,NEU,0.583,35,2026-01-04 08:00:00,gob.mx,Guadalajara
22,Telecomunicaciones,NEG,-0.948,45,2026-01-04 12:00:00,YouTube,Guadalajara
23,Telecomunicaciones,NEG,-0.748,10,2026-01-04 16:00:00,PROFECO,Puebla
24,Comercio,NEG,-0.568,17,2026-01-04 20:00:00,PROFECO,Puebla
25,Comercio,NEG,-0.367,61,2026-01-05 00:00:00,Reddit,Zacatecas
26,Transporte,NEG,-0.745,56,2026-01-05 04:00:00,gob.mx,Zacatecas
27,Telecomunicaciones,POS,0.742,65,2026-01-05 08:00:00,PROFECO,Monterrey
28,Comercio,NEG,-0.499,23,2026-01-05 12:00:00,YouTube,Monterrey
29,Financiero,POS,0.653,37,2026-01-05 16:00:00,YouTube,CDMX
30,Telecomunicaciones,NEU,-0.766,11,2026-01-05 20:00:00,gob.mx,Zacatecas
31,Financiero,NEU,-0.714,35,2026-01-06 00:00:00,YouTube,Guadalajara
32,Telecomunicaciones,NEG,-0.291,23,2026-01-06 04:00:00,YouTube,Zacatecas
33,Telecomunicaciones,NEG,-0.507,68,2026-01-06 08:00:00,gob.mx,Guadalajara
34,Energía,NEG,-0.814,65,2026-01-06 12:00:00,PROFECO,Puebla
35,Salud,NEG,-0.98,16,2026-01-06 16:00:00,PROFECO,Zacatecas
36,Transporte,NEU,0.402,12,2026-01-06 20:00:00,YouTube,Puebla
37,Comercio,NEG,-0.304,32,2026-01-07 00:00:00,YouTube,Monterrey
38,Telecomunicaciones,NEG,-0.983,27,2026-01-07 04:00:00,PROFECO,Monterrey
39,Financiero,NEU,0.412,47,2026-01-07 08:00:00,gob.mx,CDMX
40,Comercio,NEG,-0.3,24,2026-01-07 12:00:00,YouTube,Zacatecas
41,Telecomunicaciones,POS,0.414,73,2026-01-07 16:00:00,Reddit,Puebla
42,Comercio,POS,0.903,37,2026-01-07 20:00:00,gob.mx,Guadalajara
43,Telecomunicaciones,POS,0.838,48,2026-01-08 00:00:00,YouTube,Monterrey
44,Energía,NEG,-0.577,66,2026-01-08 04:00:00,YouTube,Monterrey
45,Telecomunicaciones,NEG,-0.249,26,2026-01-08 08:00:00,Reddit,Guadalajara
46,Financiero,POS,0.727,53,2026-01-08 12:00:00,Reddit,Puebla
47,Comercio,NEG,-0.361,34,2026-01-08 16:00:00,PROFECO,Puebla
48,Comercio,POS,0.88,26,2026-01-08 20:00:00,gob.mx,Zacatecas
49,Comercio,POS,0.894,22,2026-01-09 00:00:00,gob.mx,Zacatecas
50,Telecomunicaciones,POS,0.767,34,2026-01-09 04:00:00,PROFECO,CDMX
51,Salud,NEG,-0.202,77,2026-01-09 08:00:00,gob.mx,Monterrey
52,Transporte,NEG,-0.719,19,2026-01-09 12:00:00,gob.mx,Zacatecas
53,Energía,POS,0.87,76,2026-01-09 16:00:00,gob.mx,Puebla
54,Energía,NEG,-0.386,27,2026-01-09 20:00:00,gob.mx,Guadalajara
55,Financiero,NEG,-0.678,43,2026-01-10 00:00:00,gob.mx,Puebla
56,Energía,NEG,-0.616,17,2026-01-10 04:00:00,Reddit,Monterrey
57,Telecomunicaciones,POS,0.758,49,2026-01-10 08:00:00,gob.mx,Puebla
58,Telecomunicaciones,NEU,-0.063,51,2026-01-10 12:00:00,Reddit,CDMX
59,Telecomunicaciones,NEG,-0.498,50,2026-01-10 16:00:00,gob.mx,Monterrey
60,Comercio,NEG,-0.301,15,2026-01-10 20:00:00,PROFECO,Guadalajara
61,Comercio,NEU,-0.765,61,2026-01-11 00:00:00,YouTube,CDMX
62,Telecomunicaciones,POS,0.744,35,2026-01-11 04:00:00,Reddit,Monterrey
63,Transporte,NEG,-0.213,73,2026-01-11 08:00:00,gob.mx,Guadalajara
64,Comercio,NEG,-0.385,68,2026-01-11 12:00:00,PROFECO,CDMX
65,Telecomunicaciones,POS,0.695,65,2026-01-11 16:00:00,YouTube,CDMX
66,Comercio,NEU,-0.25,68,2026-01-11 20:00:00,Reddit,Monterrey
67,Telecomunicaciones,NEU,-0.429,79,2026-01-12 00:00:00,YouTube,Zacatecas
68,Transporte,NEU,0.737,42,2026-01-12 04:00:00,PROFECO,CDMX
69,Telecomunicaciones,NEG,-0.666,62,2026-01-12 08:00:00,Reddit,CDMX
70,Salud,NEG,-0.663,31,2026-01-12 12:00:00,YouTube,Guadalajara
71,Transporte,NEU,-0.976,30,2026-01-12 16:00:00,gob.mx,Puebla
72,Telecomunicaciones,NEU,0.94,79,2026-01-12 20:00:00,Reddit,Monterrey
73,Telecomunicaciones,POS,0.802,79,2026-01-13 00:00:00,YouTube,Monterrey
74,Transporte,POS,0.327,13,2026-01-13 04:00:00,PROFECO,Zacatecas
75,Financiero,NEG,-0.41,71,2026-01-13 08:00:00,PROFECO,Zacatecas
76,Financiero,NEG,-0.809,71,2026-01-13 12:00:00,Reddit,Monterrey
77,Transporte,NEU,-0.852,33,2026-01-13 16:00:00,YouTube,Zacatecas
78,Telecomunicaciones,NEU,0.108,64,2026-01-13 20:00:00,Reddit,Guadalajara
79,Comercio,NEU,0.939,18,2026-01-14 00:00:00,Reddit,Monterrey
80,Telecomunicaciones,NEU,0.046,12,2026-01-14 04:00:00,YouTube,Zacatecas
81,Energía,POS,0.905,40,2026-01-14 08:00:00,YouTube,Monterrey
82,Financiero,NEG,-0.912,49,2026-01-14 12:00:00,gob.mx,Puebla
83,Comercio,NEG,-0.716,45,2026-01-14 16:00:00,YouTube,CDMX
84,Telecomunicaciones,NEG,-0.77,33,2026-01-14 20:00:00,PROFECO,Monterrey
85,Comercio,NEG,-0.763,15,2026-01-15 00:00:00,Reddit,CDMX
86,Comercio,NEG,-0.813,75,2026-01-15 04:00:00,Reddit,Zacatecas
87,Financiero,NEG,-0.966,13,2026-01-15 08:00:00,PROFECO,CDMX
88,Financiero,NEG,-0.986,15,2026-01-15 12:00:00,YouTube,Monterrey
89,Energía,NEG,-0.21,60,2026-01-15 16:00:00,PROFECO,Puebla
90,Comercio,NEG,-0.658,71,2026-01-15 20:00:00,PROFECO,Zacatecas
91,Telecomunicaciones,NEG,-0.693,66,2026-01-16 00:00:00,gob.mx,Monterrey
92,Financiero,NEG,-0.456,75,2026-01-16 04:00:00,PROFECO,Zacatecas
93,Transporte,NEU,-0.445,17,2026-01-16 08:00:00,Reddit,Guadalajara
94,Financiero,NEG,-0.825,35,2026-01-16 12:00:00,PROFECO,CDMX
95,Transporte,NEG,-0.24,60,2026-01-16 16:00:00,Reddit,Guadalajara
96,Comercio,NEG,-0.371,54,2026-01-16 20:00:00,Reddit,Monterrey
97,Comercio,NEU,0.167,53,2026-01-17 00:00:00,Reddit,Puebla
98,Comercio,NEG,-0.928,14,2026-01-17 04:00:00,YouTube,Zacatecas
99,Telecomunicaciones,NEU,0.949,79,2026-01-17 08:00:00,gob.mx,CDMX
100,Telecomunicaciones,NEG,-0.666,35,2026-01-17 12:00:00,Reddit,Zacatecas
101,Telecomunicaciones,NEG,-0.297,77,2026-01-17 16:00:00,Reddit,Monterrey
102,Financiero,NEG,-0.244,28,2026-01-17 20:00:00,YouTube,Zacatecas
103,Comercio,NEG,-0.626,29,2026-01-18 00:00:00,Reddit,CDMX
104,Comercio,NEU,0.628,21,2026-01-18 04:00:00,PROFECO,Monterrey
105,Energía,NEU,0.369,56,2026-01-18 08:00:00,PROFECO,Zacatecas
106,Telecomunicaciones,POS,0.897,10,2026-01-18 12:00:00,gob.mx,Puebla
107,Comercio,NEG,-0.509,23,2026-01-18 16:00:00,Reddit,Monterrey
108,Transporte,NEG,-0.866,73,2026-01-18 20:00:00,YouTube,Monterrey
109,Telecomunicaciones,NEU,0.9,47,2026-01-19 00:00:00,PROFECO,Puebla
110,Telecomunicaciones,NEG,-0.207,46,2026-01-19 04:00:00,YouTube,Guadalajara
111,Telecomunicaciones,NEG,-0.815,20,2026-01-19 08:00:00,YouTube,CDMX
112,Telecomunicaciones,NEG,-0.246,12,2026-01-19 12:00:00,PROFECO,Guadalajara
113,Energía,NEG,-0.48,42,2026-01-19 16:00:00,YouTube,Zacatecas
114,Transporte,POS,0.223,15,2026-01-19 20:00:00,PROFECO,Puebla
115,Financiero,NEU,-0.91,59,2026-01-20 00:00:00,YouTube,Guadalajara
116,Energía,NEU,-0.947,19,2026-01-20 04:00:00,PROFECO,Monterrey
117,Transporte,NEG,-0.514,14,2026-01-20 08:00:00,Reddit,Zacatecas
118,Telecomunicaciones,NEG,-0.59,32,2026-01-20 12:00:00,gob.mx,Zacatecas
119,Energía,NEG,-0.815,19,2026-01-20 16:00:00,PROFECO,Guadalajara
120,Comercio,NEG,-0.859,53,2026-01-20 20:00:00,PROFECO,Guadalajara
121,Transporte,NEG,-0.824,11,2026-01-21 00:00:00,gob.mx,Puebla
122,Energía,NEU,-0.238,22,2026-01-21 04:00:00,PROFECO,CDMX
123,Comercio,NEU,0.94,49,2026-01-21 08:00:00,PROFECO,Guadalajara
124,Telecomunicaciones,NEG,-0.851,11,2026-01-21 12:00:00,YouTube,Guadalajara
125,Telecomunicaciones,POS,0.861,74,2026-01-21 16:00:00,gob.mx,Monterrey
126,Comercio,NEU,-0.063,72,2026-01-21 20:00:00,Reddit,Zacatecas
127,Transporte,NEG,-0.376,26,2026-01-22 00:00:00,PROFECO,CDMX
128,Energía,NEU,-0.453,18,2026-01-22 04:00:00,gob.mx,Monterrey
129,Telecomunicaciones,NEG,-0.72,24,2026-01-22 08:00:00,YouTube,Puebla
130,Comercio,NEG,-0.954,33,2026-01-22 12:00:00,Reddit,Puebla
131,Comercio,NEG,-0.225,47,2026-01-22 16:00:00,gob.mx,Guadalajara
132,Telecomunicaciones,NEU,0.999,44,2026-01-22 20:00:00,Reddit,Guadalajara
133,Telecomunicaciones,NEG,-0.293,58,2026-01-23 00:00:00,Reddit,Puebla
134,Comercio,NEG,-0.258,78,2026-01-23 04:00:00,Reddit,Guadalajara
135,Energía,NEG,-0.204,71,2026-01-23 08:00:00,PROFECO,CDMX
136,Comercio,NEG,-0.861,69,2026-01-23 12:00:00,PROFECO,Guadalajara
137,Comercio,POS,0.303,59,2026-01-23 16:00:00,YouTube,Zacatecas
138,Financiero,NEU,-0.505,18,2026-01-23 20:00:00,YouTube,Guadalajara
139,Comercio,NEG,-0.683,43,2026-01-24 00:00:00,gob.mx,Monterrey
140,Salud,NEG,-0.393,44,2026-01-24 04:00:00,YouTube,CDMX
141,Salud,NEG,-0.443,10,2026-01-24 08:00:00,Reddit,Monterrey
142,Telecomunicaciones,NEG,-0.877,49,2026-01-24 12:00:00,Reddit,Monterrey
143,Comercio,NEG,-0.347,73,2026-01-24 16:00:00,PROFECO,Zacatecas
144,Comercio,NEG,-0.82,31,2026-01-24 20:00:00,Reddit,CDMX
145,Telecomunicaciones,NEG,-0.821,69,2026-01-25 00:00:00,gob.mx,CDMX
146,Telecomunicaciones,NEU,-0.284,73,2026-01-25 04:00:00,Reddit,CDMX
147,Financiero,NEU,-0.773,20,2026-01-25 08:00:00,Reddit,CDMX
148,Comercio,NEG,-0.57,23,2026-01-25 12:00:00,gob.mx,CDMX
149,Telecomunicaciones,NEG,-0.526,69,2026-01-25 16:00:00,YouTube,Zacatecas
150,Telecomunicaciones,NEU,0.545,39,2026-01-25 20:00:00,YouTube,Guadalajara
151,Energía,NEG,-0.536,44,2026-01-26 00:00:00,gob.mx,Monterrey
152,Telecomunicaciones,POS,0.468,46,2026-01-26 04:00:00,PROFECO,CDMX
153,Telecomunicaciones,NEU,0.104,14,2026-01-26 08:00:00,Reddit,Guadalajara
154,Comercio,NEG,-0.927,35,2026-01-26 12:00:00,gob.mx,Guadalajara
155,Salud,NEG,-0.298,71,2026-01-26 16:00:00,Reddit,Monterrey
156,Telecomunicaciones,NEU,-0.193,13,2026-01-26 20:00:00,PROFECO,Zacatecas
157,Financiero,NEG,-0.788,51,2026-01-27 00:00:00,Reddit,Puebla
158,Transporte,NEG,-0.896,27,2026-01-27 04:00:00,gob.mx,Puebla
159,Telecomunicaciones,POS,0.795,49,2026-01-27 08:00:00,Reddit,Guadalajara
160,Financiero,NEG,-0.289,48,2026-01-27 12:00:00,YouTube,Monterrey
161,Comercio,NEG,-0.235,23,2026-01-27 16:00:00,PROFECO,Puebla
162,Financiero,NEU,-0.574,41,2026-01-27 20:00:00,PROFECO,Guadalajara
163,Financiero,NEG,-0.31,60,2026-01-28 00:00:00,PROFECO,Zacatecas
164,Comercio,NEG,-0.352,47,2026-01-28 04:00:00,gob.mx,Puebla
165,Telecomunicaciones,POS,0.329,32,2026-01-28 08:00:00,PROFECO,Guadalajara
166,Transporte,NEG,-0.476,72,2026-01-28 12:00:00,YouTube,Guadalajara
167,Comercio,POS,0.854,24,2026-01-28 16:00:00,gob.mx,CDMX
168,Telecomunicaciones,POS,0.866,34,2026-01-28 20:00:00,YouTube,Zacatecas
169,Telecomunicaciones,NEG,-0.559,26,2026-01-29 00:00:00,Reddit,CDMX
170,Financiero,NEG,-0.93,75,2026-01-29 04:00:00,Reddit,Monterrey
171,Financiero,NEG,-0.673,62,2026-01-29 08:00:00,Reddit,CDMX
172,Telecomunicaciones,NEG,-0.702,60,2026-01-29 12:00:00,Reddit,CDMX
173,Comercio,NEG,-0.792,48,2026-01-29 16:00:00,YouTube,Puebla
174,Telecomunicaciones,NEU,0.244,60,2026-01-29 20:00:00,gob.mx,Guadalajara
175,Financiero,NEG,-0.421,79,2026-01-30 00:00:00,gob.mx,Zacatecas
176,Telecomunicaciones,NEG,-0.603,15,2026-01-30 04:00:00,PROFECO,CDMX
177,Financiero,NEU,-0.706,76,2026-01-30 08:00:00,YouTube,Zacatecas
178,Comercio,NEG,-0.935,16,2026-01-30 12:00:00,Reddit,CDMX
179,Energía,NEU,-0.016,60,2026-01-30 16:00:00,YouTube,Monterrey
180,Telecomunicaciones,NEG,-0.824,51,2026-01-30 20:00:00,PROFECO,CDMX
181,Comercio,NEG,-0.453,73,2026-01-31 00:00:00,PROFECO,Puebla
182,Telecomunicaciones,NEU,0.96,24,2026-01-31 04:00:00,YouTube,Guadalajara
183,Energía,NEU,-0.015,38,2026-01-31 08:00:00,YouTube,Monterrey
184,Energía,POS,0.606,42,2026-01-31 12:00:00,YouTube,CDMX
185,Telecomunicaciones,NEU,0.267,36,2026-01-31 16:00:00,gob.mx,Zacatecas
186,Financiero,NEU,-0.52,45,2026-01-31 20:00:00,Reddit,Monterrey
187,Transporte,NEG,-0.939,38,2026-02-01 00:00:00,YouTube,Monterrey
188,Financiero,NEG,-0.319,47,2026-02-01 04:00:00,YouTube,CDMX
189,Comercio,NEU,-0.744,66,2026-02-01 08:00:00,YouTube,Monterrey
190,Telecomunicaciones,NEU,-0.696,36,2026-02-01 12:00:00,PROFECO,Zacatecas
191,Telecomunicaciones,POS,0.205,64,2026-02-01 16:00:00,PROFECO,Monterrey
192,Energía,NEG,-0.604,42,2026-02-01 20:00:00,gob.mx,Zacatecas
193,Energía,NEG,-0.616,77,2026-02-02 00:00:00,Reddit,CDMX
194,Financiero,NEU,-0.309,75,2026-02-02 04:00:00,gob.mx,Guadalajara
195,Comercio,NEG,-0.526,19,2026-02-02 08:00:00,Reddit,Monterrey
196,Comercio,POS,0.43,14,2026-02-02 12:00:00,PROFECO,Guadalajara
197,Financiero,POS,0.694,47,2026-02-02 16:00:00,PROFECO,Zacatecas
198,Energía,NEG,-0.34,22,2026-02-02 20:00:00,PROFECO,Monterrey
199,Energía,NEU,-0.615,40,2026-02-03 00:00:00,gob.mx,Puebla
200,Transporte,NEU,-0.918,56,2026-02-03 04:00:00,YouTube,Guadalajara
